postid,post_text,application_name,post_language,in_reply_to_postid,in_reply_to_accountid,post_time,accountid,account_profile_description,follower_count,following_count,account_creation_date,is_repost,reposted_accountid,reposted_postid,hashtags,urls,account_mentions,is_control
post_IO_0000_0,IO post about #democracy topic,app_hash_1,en,,,2019-07-07T00:38:00,IO_0000,IO profile,200,451,2018-01-01,False,,,"#protest,#politics,#media","url_hash_19,url_hash_6","mention_23,mention_15",False
post_IO_0000_1,IO post about #democracy topic,app_hash_1,en,,,2019-09-27T00:43:00,IO_0000,IO profile,37,184,2018-01-01,False,,,"#politics,#democracy,#ukraine","url_hash_6,url_hash_19","mention_3,mention_13",False
post_IO_0000_2,IO post about #ukraine topic,app_hash_1,en,,,2019-02-02T00:42:00,IO_0000,IO profile,336,748,2018-01-01,False,,,"#ukraine,#media,#protest","url_hash_19,url_hash_15","mention_5,mention_1",False
post_IO_0001_0,IO post about #ukraine topic,app_hash_1,en,,,2019-02-14T00:44:00,IO_0001,IO profile,395,436,2018-01-01,False,IO_0000,,"#media,#politics,#protest","url_hash_15,url_hash_19",mention_29,False
post_IO_0001_1,IO post about #protest topic,app_hash_1,en,,,2019-07-06T00:36:00,IO_0001,IO profile,156,197,2018-01-01,False,IO_0000,,"#politics,#media,#ukraine","url_hash_6,url_hash_19",,False
post_IO_0001_2,IO post about #protest topic,app_hash_1,en,,,2019-05-08T00:42:00,IO_0001,IO profile,429,471,2018-01-01,False,,,"#protest,#democracy,#ukraine","url_hash_6,url_hash_15","mention_22,mention_21",False
post_IO_0002_0,IO post about #ukraine topic,app_hash_1,en,,,2019-04-09T00:50:00,IO_0002,IO profile,292,76,2018-01-01,False,,,"#media,#politics,#ukraine","url_hash_15,url_hash_6","mention_14,mention_24",False
post_IO_0002_1,IO post about #ukraine topic,app_hash_1,en,,,2019-10-11T00:42:00,IO_0002,IO profile,395,834,2018-01-01,False,IO_0004,,"#ukraine,#protest,#politics","url_hash_15,url_hash_19",,False
post_IO_0002_2,IO post about #protest topic,app_hash_1,en,,,2019-06-19T00:48:00,IO_0002,IO profile,273,102,2018-01-01,True,,,"#ukraine,#democracy,#media","url_hash_6,url_hash_19",mention_25,False
post_IO_0003_0,IO post about #ukraine topic,app_hash_1,en,,,2019-07-15T00:38:00,IO_0003,IO profile,163,705,2018-01-01,True,IO_0004,,"#ukraine,#media,#politics","url_hash_15,url_hash_19",,False
post_IO_0003_1,IO post about #media topic,app_hash_1,en,,,2019-08-08T00:37:00,IO_0003,IO profile,188,476,2018-01-01,False,,,"#ukraine,#politics,#protest","url_hash_19,url_hash_6",,False
post_IO_0003_2,IO post about #politics topic,app_hash_1,en,,,2019-06-17T00:42:00,IO_0003,IO profile,45,145,2018-01-01,False,,,"#politics,#protest,#ukraine","url_hash_15,url_hash_19",mention_25,False
post_IO_0004_0,IO post about #ukraine topic,app_hash_1,en,,,2019-09-25T00:31:00,IO_0004,IO profile,153,618,2018-01-01,True,,,"#democracy,#protest,#ukraine","url_hash_19,url_hash_6",mention_1,False
post_IO_0004_1,IO post about #protest topic,app_hash_1,en,,,2019-07-05T00:37:00,IO_0004,IO profile,226,350,2018-01-01,False,,,"#protest,#media,#democracy","url_hash_19,url_hash_15",mention_19,False
post_IO_0004_2,IO post about #politics topic,app_hash_1,en,,,2019-10-02T00:36:00,IO_0004,IO profile,242,354,2018-01-01,False,,,"#democracy,#media,#politics","url_hash_6,url_hash_15",,False
post_CTRL_0000_0,Control post about #news topic,app_hash_2,en,,,2019-02-23T21:00:00,CTRL_0000,Control profile,2795,1439,2015-01-01,False,,,"#politics,#news,#democracy",,,True
post_CTRL_0000_1,Control post about #fakenews topic,app_hash_2,en,,,2019-08-08T04:00:00,CTRL_0000,Control profile,4535,1717,2015-01-01,False,,,"#war,#government,#news",,,True
post_CTRL_0000_2,Control post about #fakenews topic,app_hash_2,en,,,2019-07-16T14:00:00,CTRL_0000,Control profile,4998,1405,2015-01-01,False,,,#protest,,,True
post_CTRL_0001_0,Control post about #freedom topic,app_hash_2,en,,,2019-12-08T16:00:00,CTRL_0001,Control profile,3686,776,2015-01-01,False,,,,,,True
post_CTRL_0001_1,Control post about #russia topic,app_hash_2,en,,,2019-03-24T16:00:00,CTRL_0001,Control profile,2215,870,2015-01-01,False,,,#government,,,True
post_CTRL_0001_2,Control post about #ukraine topic,app_hash_2,en,,,2019-09-25T00:00:00,CTRL_0001,Control profile,4909,837,2015-01-01,False,,,"#freedom,#media,#breaking",,,True
post_CTRL_0002_0,Control post about #democracy topic,app_hash_2,en,,,2019-04-08T17:00:00,CTRL_0002,Control profile,4942,999,2015-01-01,False,,,"#russia,#media",,,True
post_CTRL_0002_1,Control post about #protest topic,app_hash_2,en,,,2019-11-26T16:00:00,CTRL_0002,Control profile,1937,1318,2015-01-01,False,,,"#media,#protest,#government",,,True
post_CTRL_0002_2,Control post about #freedom topic,app_hash_2,en,,,2019-06-09T17:00:00,CTRL_0002,Control profile,2643,1201,2015-01-01,False,,,#breaking,,,True
post_CTRL_0003_0,Control post about #fakenews topic,app_hash_2,en,,,2019-03-14T14:00:00,CTRL_0003,Control profile,688,155,2015-01-01,False,,,#election,,,True
post_CTRL_0003_1,Control post about #democracy topic,app_hash_2,en,,,2019-01-28T22:00:00,CTRL_0003,Control profile,1956,1138,2015-01-01,False,,,"#breaking,#government,#politics",,,True
post_CTRL_0003_2,Control post about #protest topic,app_hash_2,en,,,2019-04-29T04:00:00,CTRL_0003,Control profile,282,208,2015-01-01,False,,,#news,,,True
post_CTRL_0004_0,Control post about #ukraine topic,app_hash_2,en,,,2019-08-16T14:00:00,CTRL_0004,Control profile,2025,414,2015-01-01,False,,,#corruption,,,True
post_CTRL_0004_1,Control post about #russia topic,app_hash_2,en,,,2019-08-17T00:00:00,CTRL_0004,Control profile,969,1346,2015-01-01,False,,,#corruption,,,True
post_CTRL_0004_2,Control post about #breaking topic,app_hash_2,en,,,2019-08-08T10:00:00,CTRL_0004,Control profile,1191,935,2015-01-01,False,,,"#breaking,#russia",,,True
